date,Mean(R),Std(R),Quantile.0.025(R),Quantile.0.05(R),Quantile.0.25(R),Median(R),Quantile.0.75(R),Quantile.0.95(R),Quantile.0.975(R)
2022-10-08,2.60103950035487,0.0961264668351543,2.41602212666068,2.44497081295752,2.5355739042197,2.59985541614957,2.66521433577321,2.76114723051288,2.79278581083787
2022-10-09,2.32336347531529,0.0780037321488012,2.1729743533628,2.19656477802319,2.27028576796598,2.32249057765368,2.37548963854554,2.45313971981144,2.47871313208069
2022-10-10,2.15264067257233,0.0654070527620732,2.02633780039302,2.04619728166782,2.10817063862123,2.15197825385484,2.19638860163184,2.2613436421183,2.2827079718222
2022-10-11,1.93718058595331,0.0550086106924611,1.83085271834819,1.84759617774926,1.89979949716403,1.93665993192661,1.97399410645495,2.02854099772383,2.04646725734558
2022-10-12,1.70686905278631,0.0465385346795506,1.61686292143414,1.63104811870581,1.6752530024655,1.7064461068925,1.73802404639541,1.78413269763429,1.79927872822796
2022-10-13,1.50750097362844,0.0402442184854487,1.42964621621342,1.44192151733876,1.48016499150249,1.50714286911592,1.53444658286932,1.57430196005065,1.58739079115777
2022-10-14,1.45596471793668,0.0371356348106558,1.38408144388217,1.3954252389293,1.43074799430266,1.45564900465527,1.48083727923539,1.51758112602102,1.5296421498107
2022-10-15,1.31968221306254,0.0335398398118316,1.25475639262936,1.26500293161452,1.29690772588401,1.31939808461238,1.34214696882537,1.37533068459615,1.38622269889125
2022-10-16,1.19842395982631,0.0306366727333019,1.13912240257815,1.14848029081399,1.17762000314529,1.19816290325279,1.21894333603838,1.24925811851915,1.25920906782342
2022-10-17,1.06465798121159,0.0280838768660828,1.01031957456436,1.01888909120478,1.04558350293077,1.06441105633854,1.083463284405,1.11126915646182,1.12039962923092
2022-10-18,0.982138908165955,0.026620597947625,0.930650233764583,0.938765950112331,0.964054898269005,0.981898404041388,0.999960742533292,1.02633224981824,1.0349943350041
2022-10-19,0.942536595090288,0.0260595700696961,0.892146591151186,0.900085925195075,0.92483122659236,0.942296438041687,0.959980166592979,0.985806464799909,0.994291378566585
2022-10-20,0.916072867618647,0.0258468115194647,0.86610826930111,0.873977261536647,0.89850949202436,0.915829791561896,0.933371264383078,0.95899763068121,0.967418833243098
2022-10-21,0.894924645052522,0.0258002661639906,0.845065199003362,0.85291403865639,0.877390127746638,0.894676720663023,0.912188898552504,0.937780946735821,0.946193010182071
2022-10-22,0.861743932034834,0.0256448323070183,0.812207682124139,0.820000245260908,0.844310892027863,0.861489555270794,0.878899674821908,0.904355324046465,0.912725767957735
2022-10-23,0.897803413566102,0.0266120891761586,0.846395781126761,0.854483442730069,0.879713391342864,0.897540488002556,0.91560681943842,0.942020250439353,0.950705213729513
2022-10-24,0.978456128416418,0.0282201703618867,0.923920500742131,0.932505385055014,0.959276923588236,0.978184837511061,0.997339597469917,1.02533227262845,1.03453346374731
2022-10-25,1.0831751653399,0.0299023111644939,1.02535345119868,1.03446399419221,1.06285918585118,1.08290001506896,1.10319120144343,1.13282490168682,1.14256052074293
2022-10-26,1.08502694114886,0.0297724647478044,1.02745155993245,1.0365244148385,1.06480004933427,1.08475464066065,1.10495699608356,1.13445831171919,1.14414976888225
2022-10-27,1.10867549404334,0.0297781186045555,1.05107265639979,1.0601537518296,1.08844778451605,1.10840890012596,1.12861258725178,1.15810661468321,1.16779334914413
2022-10-28,1.15804647065327,0.0300800091950949,1.09983422074612,1.10901741691836,1.13761835277067,1.1577860404686,1.17819069104176,1.20796387749225,1.21773871122644
2022-10-29,1.23726295227474,0.0305784884205089,1.17804919371099,1.18739911196642,1.21650306464238,1.23701104944905,1.25774823775632,1.28798605773783,1.29790824279549
2022-10-30,1.25020648103025,0.02998723770951,1.19211677081643,1.2012941513093,1.22985183604393,1.24996673296329,1.27029977368826,1.29993661468552,1.30965864985319
2022-10-31,1.30134760438694,0.0287408159215796,1.24562023798726,1.25443677652975,1.28184861547788,1.30113602611824,1.32061594873586,1.34898014593356,1.35827734524788
2022-11-01,1.30134760438694,0.0287408159215796,1.24562023798726,1.25443677652975,1.28184861547788,1.30113602611824,1.32061594873586,1.34898014593356,1.35827734524788
2022-11-02,1.27573738938737,0.0274611762823801,1.22247652490753,1.23090632349981,1.25710927230409,1.27554035419321,1.29415071540464,1.32124056106246,1.33011798208883
2022-11-03,1.24434507776498,0.026232145890458,1.19345678196987,1.20151370700394,1.2265527237656,1.24416074857709,1.26193649161942,1.28780521285587,1.29628089526844
2022-11-04,1.25627679720459,0.0255789073576655,1.2066381546256,1.21450140022801,1.2389307652941,1.25610319840666,1.27343358620355,1.29864435604213,1.3069019822844
2022-11-05,1.24079327015458,0.0246821381750223,1.19288387005377,1.20047580675155,1.22405741597322,1.24062961311565,1.25735071902033,1.28166898308701,1.28963271507659
2022-11-06,1.24034907600968,0.0239676471856825,1.19381353671986,1.20119085374828,1.22410009782794,1.24019470135008,1.25642976766642,1.28003388467185,1.28776190963478
2022-11-07,1.1790965578301,0.0227162906308966,1.13498940516469,1.1419820437016,1.16369617362964,1.17895067820026,1.19433791607821,1.21670868101268,1.22403272852743
2022-11-08,1.14869662887688,0.0218882230557481,1.10619289140795,1.11293237448856,1.13385844590266,1.14855760638628,1.16338326095802,1.18493510195643,1.1919904160838
2022-11-09,1.18142013278224,0.0217843597775731,1.13910529327205,1.14581786221014,1.16665473450859,1.18128624059744,1.196039572721,1.21747912203892,1.22449586728098
2022-11-10,1.16624978242549,0.0212144909197442,1.12503684797837,1.13157581266647,1.15187157531496,1.166121151948,1.18048776705494,1.20136252267576,1.20819371022461
2022-11-11,1.0950188887059,0.0201330949091537,1.05591051574038,1.06211467223461,1.0813729039163,1.09489550167462,1.10853036701559,1.12834398980267,1.13482845701169
2022-11-12,1.06309790148655,0.0195494979851562,1.02512321873271,1.03114751272807,1.04984746134772,1.06297807081328,1.07621771199732,1.09545704380322,1.10175356917637
2022-11-13,1.04868111346257,0.0192486179923599,1.01129026083825,1.01722208484434,1.03563472286828,1.04856334588711,1.061599123446,1.0805418582181,1.08674122666866
2022-11-14,1.0451225430548,0.0190934530647659,1.00803153671943,1.01391616371852,1.03218161147756,1.04500627192434,1.05793672531411,1.07672553400901,1.08287430586073
2022-11-15,1.03608478959058,0.0189062687270299,0.999357024187552,1.00518411286613,1.02327079693844,1.03596979258562,1.04877342187035,1.06737773177105,1.0734660707509
2022-11-16,1.01026586527888,0.0185811021717206,0.974172335735012,0.979898190977828,0.997671783202102,1.01015195122652,1.02273576754557,1.0410221109948,1.04700675623217
2022-11-17,0.977341432796525,0.0182333369515278,0.941928017791893,0.947544891026476,0.964982210572719,0.97722804774757,0.989577051915125,1.00752474152129,1.01339920286102
2022-11-18,0.999766787433696,0.0184694003590813,0.963891670812025,0.969582536628035,0.987248149315142,0.999653056960313,1.01216144587377,1.03033898345531,1.03628822218049
2022-11-19,0.990176863458298,0.0184088349212131,0.954421456442845,0.96009284185519,0.977698892894604,0.990062783414094,1.00253047328275,1.02065002270474,1.02658057513672
2022-11-20,0.977596717205109,0.0183051184507083,0.942045082261301,0.947683594188991,0.965188616629213,0.977482467503837,0.989880272110109,1.00789955659066,1.01379762091403
2022-11-21,0.974799317874076,0.0183235438483768,0.939213166797323,0.94485685160183,0.962378491994249,0.974684509549954,0.987094989126161,1.00513340603584,1.01103791228704
2022-11-22,0.973230314161219,0.0183688425611486,0.937557534528611,0.943214638270113,0.96077853209437,0.973114751500673,0.985556119293176,1.00364018505959,1.00955982391863
2022-11-23,0.974777276581131,0.0184473926641619,0.938952841191956,0.944633783479885,0.96227208200153,0.974660908435343,0.987155616157621,1.00531771227883,1.01126301956478
2022-11-24,0.972715226503233,0.0184913373738618,0.936806955494631,0.942500835032219,0.960179963301682,0.972598055439146,0.985122759435789,1.0033292994066,1.00928936797697
2022-11-25,0.973165562367465,0.0185603630064929,0.937124350411051,0.942839048891495,0.960583302626564,0.973047569547018,0.985619196035275,1.00389456036835,1.00987731472134
2022-11-26,0.970916867183038,0.0186056653783844,0.934789297028267,0.94051730576382,0.958303597404301,0.970798023074005,0.983400582894472,1.00172181695931,1.00771981548629
2022-11-27,0.959851248590383,0.0185683126239017,0.923799431229236,0.929514664089886,0.94726270322361,0.95973151663987,0.972309272059733,0.990596249973005,0.996583489546296
2022-11-28,0.962740645396795,0.0186837347041949,0.926465828908287,0.932216151825042,0.950073644268806,0.962619784134,0.975275893551705,0.993677408045624,0.999702303217594
2022-11-29,0.953936806056506,0.0186932795814501,0.917646829718675,0.923398755251858,0.941262708478682,0.953814704764788,0.966477798907246,0.984891355808871,0.990920670610613
2022-11-30,0.934526868688769,0.0186045476799808,0.898414688776863,0.904137119067694,0.921911905008813,0.934403411898111,0.947007250028001,0.965337741018404,0.971340639859036
2022-12-01,0.960763336099494,0.0190067163692057,0.923868263217235,0.929715291066723,0.947876098928252,0.960638002810102,0.973513945310915,0.992238904743242,0.998370664219143
2022-12-02,0.970916529282383,0.01923394055529,0.933580876145576,0.939497607642367,0.957875133595603,0.970789523560269,0.983819473865376,1.00276867936075,1.00897394189717
2022-12-03,0.98291252221804,0.019433487209767,0.945188803864435,0.951167204194796,0.969735958941875,0.982784449893213,0.995949471663553,1.01509470695811,1.02136406144904
2022-12-04,0.99174110685446,0.0195774522274006,0.953737351846537,0.959760268726749,0.978467037184953,0.991612287017317,1.00487474781332,1.02416136153087,1.030476930781
2022-12-05,0.948789571441652,0.0191795507426488,0.911566900218449,0.917463969482804,0.935783682348762,0.94866033791835,0.961654580920553,0.980556001114842,0.986746662340285
2022-12-06,0.936862262532317,0.0191429200042171,0.899714668461939,0.905598897335182,0.923880474991483,0.936731883239256,0.949701921466253,0.968570363792784,0.974750787476551
2022-12-07,0.959682329251299,0.0195278419280785,0.921786199424142,0.927789372308004,0.946439799061812,0.959549880126998,0.972780474465102,0.992027082639366,0.998331152603605
2022-12-08,0.954562556026224,0.0196030508070814,0.916523989130397,0.922548891386461,0.941268373212966,0.954428368907994,0.967710459274475,0.987033945590086,0.993363693197773
2022-12-09,0.932591598287938,0.0194833431593017,0.894791925166731,0.900777420936761,0.919377374557434,0.932455922306547,0.945657919470851,0.96486857925134,0.971162302582926
2022-12-10,0.904018530137844,0.0193302170701748,0.86652499366542,0.872459864431592,0.890906486600648,0.903880757458074,0.91698038555675,0.936047151543528,0.942295012877044
2022-12-11,0.854138148327485,0.0189988546851112,0.817302943710125,0.823129903903666,0.841247990641688,0.853997286690087,0.866874750710885,0.885626885272307,0.89177385302186
2022-12-12,0.881032643698874,0.019616497837869,0.843000358039776,0.849016586525441,0.867723357315298,0.880887058597326,0.894183225667339,0.913545305583935,0.919892272314567
2022-12-13,0.880839771685198,0.0199564937617173,0.842155752584712,0.848273310644178,0.867298432787786,0.880689063410563,0.894216821390867,0.9139203131183,0.920380247940369
2022-12-14,0.847595362216177,0.0198779746429567,0.809078656064741,0.815166172120667,0.834104516994185,0.847439973213215,0.860916815865988,0.880554599218382,0.886995125133436
2022-12-15,0.857155930618056,0.0203556732822438,0.817719357846566,0.823950894370884,0.843339820701016,0.856994801015146,0.870796391118171,0.890910595552959,0.89750818312361
2022-12-16,0.837367907081068,0.0205143393111772,0.797638650374734,0.803912947920635,0.823441398562208,0.837200388860032,0.851111802025785,0.871394287232073,0.878049148817251
2022-12-17,0.856615427259642,0.0211709280352491,0.815618952744282,0.82209234161161,0.842242379087987,0.856441023066694,0.870798355426272,0.891733422652878,0.898603018785927
2022-12-18,0.881779823648816,0.0219136558183759,0.839347961443568,0.846047319704236,0.866902006791303,0.881598300355628,0.896459759920451,0.918131521307026,0.925243259724318
2022-12-19,0.882430913762787,0.0222906941287218,0.839277695628341,0.846088880852614,0.867295514762924,0.882243229097528,0.897361715694697,0.91941315749765,0.926650719787708
2022-12-20,0.901650388207503,0.0228786091417332,0.857361491675903,0.864351340650114,0.886115338484092,0.90145688719814,0.916974500432476,0.939609486730218,0.947038926087452
2022-12-21,0.91218838222114,0.0233345622925846,0.867021452160605,0.87414878341007,0.896342884763687,0.911989417223627,0.92781698588278,0.95090667023536,0.958486004621293
2022-12-22,0.931165021187669,0.0238590652542782,0.884983807518913,0.892270965784977,0.914963180788758,0.930961250345244,0.94714472890093,0.970754159011596,0.97850423815946
2022-12-23,0.970566700197418,0.0246035518127755,0.922938047672487,0.930455126520949,0.953860484277364,0.970358810756845,0.987046293631234,1.01138740518798,1.01937676169319
2022-12-24,0.968922242850489,0.0247292896245622,0.921054265531434,0.928608148462138,0.952129899306624,0.968711866782958,0.985485253257269,1.00995395071462,1.01798576018887
2022-12-25,0.994315795386616,0.0251490838168372,0.945629711909385,0.953314005398745,0.977239404995948,0.994103772728394,1.0111610576109,1.03604081548941,1.04420677642319
2022-12-26,0.981786779332983,0.025049467141338,0.933298842055058,0.940950605900793,0.964777056794654,0.981573748830529,0.998564275104812,1.02334962077818,1.03148534144755
2022-12-27,0.974422107717036,0.0250002817744644,0.926032779704662,0.933668176186817,0.95744516007803,0.974208309303409,0.991165991521673,1.01590532670843,1.02402642439416
2022-12-28,0.982121021929549,0.025181238855409,0.933381036109768,0.941071859437747,0.965021266225963,0.981905817602022,0.99898618119287,1.02390426759011,1.03208398605387
2022-12-29,0.947766696361564,0.0248112988660113,0.899755539354448,0.907328329791596,0.930915810215806,0.947550195983404,0.964381573384655,0.988943567163779,0.997008196526391
2022-12-30,0.921410467867595,0.0245891965400426,0.873841028081534,0.881341318876489,0.904708237960279,0.921191744115959,0.937874265082787,0.962225705342016,0.970222885528256
2022-12-31,0.935822543769952,0.0250094512912298,0.887441004075076,0.895069123180884,0.918834688696907,0.93559976429137,0.952567544978801,0.977335887338582,0.985470109461531
2023-01-01,0.944712706952301,0.0253650642800382,0.895646253401563,0.903381642314073,0.927482744281301,0.94448570355093,0.961695211262923,0.986818102818121,0.995069190379118
2023-01-02,0.960058571426367,0.025767806798677,0.910212810075508,0.918071114309407,0.942555077741259,0.959828046770579,0.977310768198288,1.00283237111858,1.01121437347836
2023-01-03,0.986633907366715,0.0262830269288374,0.935786448904197,0.943803868192491,0.968781360017829,0.986400531899588,1.00423205004393,1.03026001347343,1.03880760748893
2023-01-04,0.967079295537295,0.0261071335756689,0.916581028954158,0.924541279598912,0.94934459170721,0.966844377544693,0.984557913290677,1.01041864019558,1.01891256942362
2023-01-05,1.06508610388648,0.0274897477267232,1.01188231660487,1.02027643619196,1.04641789473919,1.06484961083397,1.08349650958981,1.11070247272527,1.11963385038901
2023-01-06,1.15183938845723,0.0285108474324656,1.09663054681819,1.10534783998029,1.13248304318611,1.15160415922015,1.17093930765852,1.19913332685661,1.20838500812251
2023-01-07,1.17944305958119,0.028429285501911,1.12437454213883,1.13307385463503,1.16014532615738,1.17921464769512,1.19849179842087,1.22659139967099,1.23580961342566
2023-01-08,1.18659089429523,0.0279359273994585,1.13246305893841,1.1410173193714,1.16763080654401,1.18637166951023,1.20531200228248,1.23291226616427,1.24196455731999
2023-01-09,1.19359751998754,0.027410694759758,1.140472222618,1.14887163414489,1.17499669611208,1.19338769976229,1.21196961598562,1.23903912281254,1.24791520046645
2023-01-10,1.18157979262067,0.0266608666612209,1.12989754509608,1.13807122394997,1.16348968268492,1.18137927566122,1.19945131620121,1.2257723438739,1.23440155417691
2023-01-11,1.16317753219307,0.0258729117185494,1.11301482433539,1.12095006196806,1.14562353131405,1.16298570480298,1.18052241926767,1.20605934399725,1.21443037249117
2023-01-12,1.08122543690339,0.0244463319612661,1.03383715383734,1.04133147610465,1.06463774944174,1.08104119995075,1.09761228508391,1.12174784762661,1.1296607166311
2023-01-13,1.04183798433033,0.0236771376672094,0.99594338838875,1.00320086370438,1.02577173631322,1.04165862512891,1.05770871039556,1.08108691642009,1.08875185718625
2023-01-14,1.01763649473535,0.0232535772048679,0.972565666599625,0.979692222198939,1.00185714716641,1.01745938102755,1.03322276822196,1.0561849191589,1.06371383884134
2023-01-15,0.994785259126769,0.0229237336776155,0.950357976374272,0.957381771522166,0.979228955700991,0.994609180580714,1.01014961695444,1.03278936760992,1.04021317503716
2023-01-16,0.977711439320456,0.0227241859676731,0.933675193356942,0.940636146346868,0.962289758098694,0.977535391435132,0.992941208409382,1.0153872486145,1.0227481440845
2023-01-17,0.963723094057664,0.0226138664318107,0.919905445558893,0.926830702642349,0.948375393993014,0.963546220891211,0.978877982386975,1.00121881693958,1.0085458911973
2023-01-18,0.986881547271221,0.0229808106908145,0.942348966244312,0.949388147167909,0.971285530470142,0.986703173724134,1.00228311671417,1.02498339675809,1.03242780352637
2023-01-19,1.02441824000258,0.023488398552353,0.978894022012099,0.986091852505896,1.00847922567989,1.0242387274903,1.04016156528975,1.06335696195045,1.07096260603558
2023-01-20,1.00989358740717,0.0232966436940368,0.964744132711184,0.971881971335556,0.99408412253911,1.00971445418106,1.02550777673441,1.04851624416879,1.05606103462514
2023-01-21,0.996396423677926,0.0230961676877459,0.951637950836434,0.958713395647129,0.980722552609147,0.996217975300888,1.01187576579271,1.03468815632882,1.04216899706071
2023-01-22,0.971575265250774,0.0228106817550867,0.927376540217049,0.934361958579445,0.95609393762224,0.971396754392877,0.98686199587805,1.00939748971442,1.01678844571838
2023-01-23,0.953607809280481,0.0226589875527892,0.909709143119003,0.916645684747326,0.938228305717997,0.953428346077635,0.968791677739941,0.991182100189157,0.998526342763454
2023-01-24,0.948114421277149,0.0227151875209482,0.904111148912813,0.911063206443913,0.932695986163749,0.947933021867286,0.963335110647694,0.985784407105849,0.993148564066938
2023-01-25,0.92993646483473,0.0226466238075912,0.886074549477024,0.893002250314299,0.914562998425378,0.929752634519126,0.945109535630975,0.967497742468112,0.974843064902912
2023-01-26,0.881489204247932,0.0222314697582617,0.838449786210014,0.845243211963141,0.866394175461368,0.881302316115261,0.896380504265504,0.91837269029982,0.925590683611006
2023-01-27,0.856388641881433,0.0221996234862145,0.813425773056352,0.820203586926185,0.841312503204306,0.856196827234985,0.871255681521028,0.893227995547815,0.900441568283642
2023-01-28,0.8533729436822,0.0225576720876704,0.809728168114847,0.816610948057294,0.838051627528255,0.85317419216766,0.86847759898722,0.89081290045486,0.898147197759529
2023-01-29,0.894864508948023,0.0235477348547694,0.849301466951168,0.85648739346555,0.878871227696935,0.894657970024153,0.910632640190412,0.933946149181594,0.941601284363115
2023-01-30,0.922143436591356,0.0242908038857505,0.875143249337396,0.882555683072828,0.905645357093868,0.921930158532923,0.938409019694569,0.962458702722714,0.970355654852862
2023-01-31,0.912653284485398,0.0244426902051499,0.865369503863854,0.872824225767182,0.896050160228274,0.912435085631055,0.929018548274261,0.953226641229758,0.961177059980204
2023-02-01,0.924582468007691,0.0248694385583596,0.876475912069318,0.884059698589419,0.907688962376047,0.924359498010843,0.941232912142887,0.965865810319008,0.97395613248355
2023-02-02,0.971823958276148,0.0257699083026,0.921966178365771,0.92982826150571,0.954320493645093,0.97159618708718,0.989079127470944,1.01459660520266,1.02297613158694
2023-02-03,1.00551308038821,0.0263773109574113,0.954472969793618,0.962523193939487,0.987598369124939,1.00528244053978,1.0231763689745,1.04928970221421,1.05786388684241
2023-02-04,0.97019449978992,0.0259372907891807,0.920018263346269,0.927929288838584,0.952576359498428,0.969963372748463,0.987560686468723,1.01324810809088,1.02168420030575
2023-02-05,0.931845980072041,0.0254735565487629,0.882581525510531,0.890345319045625,0.914540149037787,0.931613869704276,0.94889878575564,0.974138392805898,0.982429486274146
2023-02-06,0.903810280250153,0.0252705263264416,0.854953541665665,0.862649514180342,0.886639626187023,0.903574769943697,0.920724202871482,0.945774395702445,0.9540053912808
2023-02-07,0.892089979639375,0.0253934876848744,0.843007786425533,0.850736367511784,0.8748335350988,0.891849047946979,0.909083783023982,0.934265434164656,0.942541353791023
2023-02-08,0.881250342819944,0.0255874533510268,0.831807201564642,0.839589313750699,0.863859539082335,0.881002707909175,0.898371198390018,0.923756079787206,0.932100757877112
2023-02-09,0.856199905099668,0.0256048694083404,0.806744427527128,0.814523437464799,0.838793379582191,0.855944678652019,0.873328207210683,0.898746976369565,0.907105797152485
2023-02-10,0.863161053571637,0.0261664500089653,0.812631146383763,0.82057673026698,0.84537089127599,0.862896658800729,0.880662998201525,0.90664725471932,0.915193477008003
2023-02-11,0.918932243787224,0.0275055053114929,0.865806417428118,0.874162581386983,0.9002335126941,0.918657826513782,0.937331831486616,0.964637971708733,0.973617543244187
2023-02-12,0.917373157494024,0.02786112729001,0.863572157384404,0.872031752231141,0.898430539306585,0.91709112033004,0.936008326005841,0.963676620639928,0.972776932885219
2023-02-13,0.961896288631585,0.0288302770624689,0.906212828944729,0.914971019960287,0.942296751623744,0.961608267070192,0.981181852173581,1.00980402846076,1.01921653253849
2023-02-14,0.986350430191206,0.0294182303017448,0.929527244472741,0.938465677273492,0.966351941819395,0.986057976105824,1.00603011311871,1.03523277401633,1.04483558969715
2023-02-15,1.00572340049911,0.0297978938847485,0.948161251086514,0.957217254618223,0.985467840720484,1.00542912864284,1.02565817318491,1.05523333782947,1.06495785407297
2023-02-16,1.01132295051739,0.0298982564692812,0.953565070813054,0.962652306661571,0.990999505694155,1.01102833331098,1.03132523175095,1.0609985638274,1.07075509703887
2023-02-17,0.99029732513498,0.0295622565858155,0.933196695252467,0.942178592834297,0.970200790903135,0.990003177499764,1.01007320778864,1.03941942522366,1.04906955296742
2023-02-18,0.963186814529775,0.029171902733692,0.906852314894322,0.915710826744353,0.943353433068724,0.962892322114253,0.982699168764482,1.0116673463206,1.02119487089744
2023-02-19,1.00624838965379,0.0299319220047486,0.948430704331341,0.957526111976714,0.985901107786225,1.00595161966735,1.02627216125884,1.05598298019499,1.0657525754988
2023-02-20,0.986179893775283,0.0296917809613071,0.928836358246891,0.937854743255348,0.965993983684979,0.985881924311149,1.0060409862133,1.03552144881506,1.04521674581913
2023-02-21,0.97534265594207,0.0295536227693946,0.918271401696414,0.927245673999342,0.955249679247221,0.975044173121139,0.99511025546196,1.0244577935791,1.03411014378415
2023-02-22,0.975264477759502,0.0296466763597406,0.918016304063185,0.927017739336531,0.955107730291852,0.974964088380338,0.995093769752272,1.02453587537517,1.03421971961163
2023-02-23,0.960560820830875,0.029528985624314,0.903549601729075,0.912511486616956,0.940482328370737,0.960258250316968,0.98030948031705,1.0096422544256,1.01929150269691
2023-02-24,0.974172522248615,0.0298769248306732,0.916487471142167,0.925555768933919,0.95385782195963,0.973867107192636,0.994154288685325,1.0238310779479,1.03359320132203
2023-02-25,0.963597663820899,0.0298488674878187,0.905975572269263,0.915031893927964,0.943300443403582,0.963289477031355,0.983558929061389,1.01321469087205,1.02297113426585
2023-02-26,0.941359310951716,0.0296329375587524,0.884168321427308,0.893153515915117,0.921206332625273,0.941048391980332,0.96117335599435,0.99062568307535,1.00031720524412
2023-02-27,0.91176550635912,0.029363503201555,0.855114946414025,0.864010405125511,0.891792059987916,0.911450307512911,0.931395354323203,0.960595784037883,0.97020729189565
2023-02-28,0.89697382806292,0.0294261710818418,0.840219306816542,0.849127084632327,0.876954683098,0.89665206308262,0.91664221719857,0.945918145935802,0.955556888306896
2023-03-01,0.929645339179664,0.0303513550011891,0.871101820035311,0.880291470537753,0.908997606394332,0.929315053173137,0.949933027281897,0.980125848326851,0.990065821198016
2023-03-02,0.914347317096027,0.0304416806213981,0.855648388726507,0.864857986627764,0.893634728846856,0.914009504171481,0.934691655940811,0.964988963437469,0.974965981585206
2023-03-03,0.907678741454529,0.0306472807121882,0.848597204756686,0.857863561807951,0.886823758642792,0.907333835159806,0.928157742669345,0.958670433408512,0.968720323962149
2023-03-04,0.889622434216929,0.0307101893497442,0.830441880277814,0.839718508615478,0.868720620416638,0.889269082403632,0.910139060448657,0.940731681016992,0.950811027148894
2023-03-05,0.863208271122173,0.0306696092938473,0.804135601969992,0.813388308379029,0.842328720164054,0.862845070039245,0.883691898518747,0.914267152440982,0.924344949165528
2023-03-06,0.887197534407254,0.0316218967939102,0.826294083319244,0.835832742824681,0.865669060043937,0.886821868708882,0.908316497675834,0.939843762783928,0.95023582842204
2023-03-07,0.949643535570594,0.0332612308205871,0.885563046574342,0.895603945243425,0.927002540149662,0.949255239340215,0.97186125098761,1.00500764651835,1.01593064583191
2023-03-08,0.934540078260952,0.0333304791979941,0.870346639328298,0.880400403512777,0.911848254905612,0.934143863020341,0.956799989595993,0.990031286551206,1.00098513955431
2023-03-09,0.945454562804668,0.0337842675588903,0.880389353412325,0.890579129098443,0.922453395860422,0.945052184811023,0.968017099796445,1.00170255191265,1.01280641627131
2023-03-10,0.929282638187653,0.0337717103304934,0.864261320802467,0.874439569041455,0.906286470603705,0.928873563106342,0.951832875823967,0.985521107552558,0.996628656740529
2023-03-11,0.943042859356695,0.0343171334158717,0.876973011874369,0.887315020084592,0.919675011844935,0.942626627589636,0.965956975504135,1.00019051111766,1.01147807807842
2023-03-12,0.940541005232373,0.0345711614998112,0.873994253681007,0.884408039198518,0.916997990379129,0.940117465494506,0.963622322645649,0.99811871225117,1.00949465710657
2023-03-13,0.956905226490311,0.0351489198702655,0.88924549920844,0.899833649884937,0.932968907783205,0.956474899046588,0.980372448510833,1.01544469768367,1.0270104274657
2023-03-14,0.976922951769921,0.035763777216879,0.908075427909034,0.918850457111432,0.952568677989052,0.976486565895073,1.00080152451274,1.03648400692635,1.04825037858566
2023-03-15,0.938170056601731,0.0352048473603072,0.870429467419501,0.881023947684965,0.914190834266519,0.937729739200088,0.961669292940692,0.996818137418834,1.00841288875206
2023-03-16,0.936846603238982,0.0354053446059339,0.868729294616272,0.879380551292051,0.912729185638561,0.936400627603948,0.96047786708534,0.995833928111912,1.00749830888654
2023-03-17,0.910100642851746,0.0352085486864477,0.842392185892997,0.852972379247033,0.8861118547626,0.909646652073663,0.933594540756099,0.968777520484343,0.980389043177258
2023-03-18,0.945143795627465,0.0362669299890534,0.875389045558538,0.886291579638579,0.920435860364606,0.944679959545322,0.969346108161987,1.00557820889384,1.0175344388648
2023-03-19,0.972168441734438,0.037140221013367,0.900728025651231,0.911895442974006,0.946866627812951,0.971695520722262,0.996954729385967,1.03405462738712,1.04629637937231
2023-03-20,0.92528652451932,0.0364285111410282,0.855255906858091,0.866193323000037,0.900462250264415,0.924808505214154,0.949589716022098,0.986010304548744,0.998033633268849
2023-03-21,0.873996229880795,0.0356758931392073,0.805462122343122,0.816154102654489,0.849675946615957,0.873510856466169,0.897787415225256,0.933494022324073,0.945288616428882
2023-03-22,0.856279843291497,0.0358290742497521,0.787486710901847,0.79821079572388,0.831848848638395,0.855780166580321,0.880166149314496,0.916053347033871,0.927912534394327
2023-03-23,0.853067197603886,0.0364357973977368,0.78313956565777,0.794033335653503,0.828217072245981,0.852548510946569,0.877351912911403,0.913870361571107,0.925942415088283
2023-03-24,0.939174634266351,0.0389916165584482,0.864297094731179,0.875972549624303,0.912589354453485,0.938635085774566,0.965171761558029,1.00421718216838,1.01711831659635
2023-03-25,0.916093394977945,0.0390211100410604,0.841199660622888,0.852868110674653,0.889480799052002,0.915539418269626,0.942102111726288,0.98120835977133,0.994135261092679
2023-03-26,0.962889748801632,0.0403961510686005,0.885331945633757,0.89742133551698,0.935343809392666,0.962324893994375,0.98981995024025,1.03028494852384,1.04365750385655
2023-03-27,1.02884596366285,0.0421021055851555,0.947971115585583,0.960587393381708,1.00014418673727,1.02827172438643,1.0569217715145,1.09906333104501,1.11298409713557
2023-03-28,1.0534988145873,0.0426143069715303,0.971620766277836,0.984398092845819,1.02445130852941,1.05292428365336,1.08192003307245,1.12455932791747,1.13864180730791
2023-03-29,1.04654361668141,0.0422638706914671,0.965336206967978,0.978009510494427,1.01773546021845,1.04597474023784,1.07473164936877,1.11701822628148,1.13098383768627
2023-03-30,1.07761630123638,0.0426577801645259,0.995619282224982,1.00842353578383,1.04854550109357,1.07705347965341,1.10607357699128,1.14872891563495,1.16281172556101
2023-03-31,0.979089816030796,0.0403713790773712,0.901551657892479,0.913644567578123,0.951565747130761,0.978534986464344,1.00600907443823,1.0464276530532,1.05978095709509
2023-04-01,1.00906377315674,0.0409174464424991,0.930449946776642,0.942716957528607,0.981172210745495,1.00851076080584,1.03635250519552,1.07729697807239,1.09082025782251
2023-04-02,0.974598774398565,0.0402890784379637,0.89722277180043,0.90928942801638,0.947130086433346,0.97404365865945,1.00146234004374,1.04180168560457,1.05512938583535
2023-04-03,0.96178996316449,0.0401037210086299,0.884783734588484,0.896789474226742,0.934445190080162,0.961232619499522,0.988527185730824,1.02869161693531,1.04196346023351
2023-04-04,0.895973127606065,0.0389125926826056,0.82131893043673,0.832942696604366,0.869428980451147,0.895409859037418,0.92190326775079,0.960924935455976,0.973828257288298
2023-04-05,0.894717174581734,0.0393054220098597,0.819328232633336,0.831061947145304,0.867901701165568,0.894141670785358,0.920905304275391,0.960335515145042,0.973376577367125
2023-04-06,0.880600388472344,0.0395735183458853,0.804735631351441,0.816534360628401,0.853595196900941,0.880007658097308,0.906959459384625,0.946688292329157,0.959833497445645
2023-04-07,0.930246569370174,0.0413070501965069,0.851037274815471,0.863361163667023,0.902062175774165,0.929635235794771,0.957764562667936,0.99921730836741,1.01292993563361
2023-04-08,0.940777663718473,0.0420659887997748,0.860125580320373,0.872670996337638,0.912073212342054,0.940150757676376,0.968798740063964,1.01102278428044,1.02499231241915
2023-04-09,0.911310789723973,0.0417626999924472,0.83128492381608,0.843722402650277,0.882805367925411,0.910672915171905,0.939120881641506,0.981075046045608,0.994961547872104
2023-04-10,0.899769283303291,0.0419445162398483,0.819426913209954,0.831906076729487,0.871134120727622,0.899117591908806,0.927694055855818,0.969855490931331,0.983815060104413
2023-04-11,0.952368579978006,0.0437362060027804,0.868565137517084,0.881588763874797,0.922515408632414,0.951699155517197,0.981492029888966,1.02543188608771,1.03997620502216
2023-04-12,0.97959328283197,0.0447979039415316,0.893747209464244,0.907090228542001,0.949016893643462,0.97891048132936,1.00942536832535,1.05442545766678,1.06931955824831
2023-04-13,0.976334425117838,0.0449316642336517,0.890244553428791,0.903622517329707,0.945664522252176,0.975645248395584,1.0062530753034,1.05139720043929,1.06634072642744
2023-04-14,0.971153029678297,0.0449799165924597,0.884983487719422,0.898370823375085,0.940447929272283,0.97045868819535,1.00110124792756,1.04630372149109,1.06126835001917
2023-04-15,0.944153491778698,0.0445492593843409,0.85884621837236,0.872090828077917,0.913735794301646,0.943452908495036,0.973807504552654,1.01860593355763,1.03344201015108
2023-04-16,0.971968724549016,0.0455084596869275,0.884808755943257,0.898344758784904,0.940898909282554,0.97125856773246,1.00226441866793,1.04801512449185,1.0631643439332
2023-04-17,0.971235395456829,0.0457761723025904,0.883576398026149,0.897186674869229,0.939980384733471,0.970516317503216,1.00170656090368,1.04773698171508,1.06298073883531
2023-04-18,0.960381572545409,0.0457239927392704,0.872843557681823,0.88643009502797,0.929158471558692,0.959656026745609,0.990813778697888,1.0368079789553,1.0520426861951
2023-04-19,0.999805904419076,0.0469147812131914,0.909957133454954,0.923909614455809,0.967775134926212,0.999072192249067,1.03103687594593,1.07820497895833,1.09382418507328
2023-04-20,1.08161276420502,0.048954120906368,0.987779964897128,1.00236958054815,1.04820351640304,1.08087429448707,1.11421702506104,1.16337495902821,1.17964211735125
2023-04-21,1.06161803610873,0.048247228465323,0.969148835392022,0.983524391991327,1.02868967983923,1.06088723028541,1.09374975996634,1.1422045491228,1.1582402376205
2023-04-22,1.02321335350905,0.0469896539582405,0.933175942365114,0.947168369961404,0.991139465092748,1.02249413191578,1.05450323798826,1.10171169126888,1.11733793268874
2023-04-23,1.04613037260921,0.0473481771289708,0.955375765644969,0.969486767809823,1.01381711780275,1.04541612844829,1.07766504812963,1.12521035221595,1.14094386513384
2023-04-24,1.03290432152543,0.0468938769262666,0.94302679932021,0.956999943242416,1.00089999166843,1.03219474728621,1.06413516289009,1.11122914509678,1.12681419055168
2023-04-25,1.02287959717552,0.0464866872442535,0.93378459731386,0.947635589896247,0.991152796526905,1.0221754584545,1.05383883452656,1.10052550857295,1.11597605484577
2023-04-26,1.00375056826578,0.0459507181490479,0.915697479042487,0.929383035002667,0.97238696160334,1.00304946245336,1.03434991827263,1.08050966039736,1.0957878784498
2023-04-27,1.03258049545837,0.0465919597778075,0.943269161327228,0.957157217376035,1.00078442881805,1.03187980799925,1.0636127604006,1.11039390461326,1.12587367615727
2023-04-28,1.19733795777209,0.0500998720536957,1.10114437189069,1.11613988290311,1.16317604508261,1.1966392587456,1.23073823117144,1.28091937739849,1.29750210474662
2023-04-29,1.31781984083754,0.0517623321293283,1.21830676279481,1.23384983377405,1.28254711875143,1.31714218272272,1.35235385632434,1.40410141713301,1.42118391899065
2023-04-30,1.35348842321577,0.0507896761444839,1.25575976240978,1.27104431161106,1.31889384241451,1.3528531817673,1.38739053308954,1.43809941444406,1.45482704456736
2023-05-01,1.38631609533289,0.0494117068524561,1.29114965129961,1.30605455881733,1.35267615680694,1.3857290880612,1.41931614048691,1.46857997786939,1.48481839975307
2023-05-02,1.37935362759631,0.04722364957322,1.28833767382421,1.30260758498009,1.34721483219898,1.37881474762841,1.41090499156513,1.45793784779775,1.47343194645326
2023-05-03,1.36607853803628,0.0449854179081648,1.27932011443178,1.29293582062233,1.33547319167781,1.36558477488576,1.39614563355792,1.44090553394762,1.45564293848187
2023-05-04,1.24698913859197,0.0411980095213107,1.1675393227316,1.18000702489249,1.21895974517012,1.24653546819793,1.27452398634346,1.31551877019943,1.32901709035298
2023-05-05,1.14683099506943,0.0382030187824988,1.07316700430396,1.08472439338047,1.1208374524222,1.1464068190462,1.17236214403062,1.21038450637078,1.22290550941483
2023-05-06,1.09253834573501,0.036516198802206,1.02213082283155,1.03317637188578,1.06769181868983,1.09213154247978,1.116941417202,1.15328796888741,1.16525766537648
2023-05-07,1.02579664885797,0.0349354642287977,0.958458186416737,0.969017246610304,1.00202185517949,1.02540007814105,1.04913914186849,1.08392879642918,1.09538875696714
2023-05-08,0.957964725134399,0.0335732794851802,0.893283741088235,0.903418568969728,0.935111192555862,0.957572545412891,0.980390744347726,1.0138486489402,1.02487439962101
2023-05-09,0.964655396796171,0.0337870207223427,0.8995619304331,0.909761554530994,0.941656494994016,0.964260962421418,0.987224327430367,1.02089469755915,1.03199036645211
2023-05-10,0.949585425360355,0.0337172964414453,0.884641887954146,0.894814334922601,0.92663117132325,0.94918638416742,0.972104686706977,1.00571768889351,1.01679664484535
2023-05-11,0.958840976097805,0.0340889424519421,0.893183070539975,0.90346706637313,0.935633446383664,0.95843702697359,0.981608163044723,1.01559280043034,1.0267944545664
2023-05-12,0.987177782470789,0.0348115417008515,0.920118462303665,0.930624237310175,0.963480049046843,0.986768618044309,1.0104294877393,1.04512703205724,1.05656231380931
2023-05-13,0.98938257469413,0.0349763875506377,0.922008656106707,0.932563019821205,0.965572090935018,0.988970446606647,1.0127437996913,1.04760794340874,1.05909854624529
2023-05-14,1.04154027844801,0.0359544655533318,0.972253659476098,0.983114426572618,1.01706913189381,1.04112658592874,1.06556046024234,1.10137728018714,1.11317784250775
2023-05-15,1.05979146008092,0.0361983387820727,0.990022235965081,1.0009616403162,1.03515661441813,1.0593793572747,1.08397707365893,1.12002700684394,1.13190259595388
2023-05-16,1.01369797824781,0.0351825103701086,0.945905262893353,0.956530371357905,0.989751099120194,1.01329097975794,1.03720118988885,1.07225390103725,1.08380359726753
2023-05-17,0.995852897508075,0.0347520505120849,0.928895950140795,0.939388576026416,0.972197868701062,0.995448681910566,1.01906729258616,1.05369604223671,1.06510693344976
2023-05-18,1.02246295692308,0.0352329847536257,0.954564600046561,0.965208246461117,0.998483236467605,1.02205828836624,1.04600154956417,1.0810980355079,1.09266097734846
2023-05-19,0.978453590705892,0.0344397140639831,0.912108375418832,0.922502787735799,0.955009367347232,0.978049549472668,1.00145737062914,1.03578262229854,1.04709490307113
2023-05-20,0.935313639693472,0.0337027910345079,0.870415055037768,0.88057644303337,0.912366194690797,0.934908859009879,0.957819835809731,0.991431587748301,1.00251252186478
2023-05-21,0.890457711473886,0.0331127401300091,0.82673195360838,0.836701064925705,0.867905429601671,0.89004729944605,0.912562606658423,0.945614319163944,0.956515766304681
2023-05-22,0.88778479856919,0.0334795504070257,0.82336998451261,0.833442907678729,0.864979659450447,0.887363981202283,0.910131208654161,0.943562144665116,0.954591040051724
2023-05-23,0.912535176207303,0.0344619650068345,0.846231969578073,0.856599772182968,0.889060530185109,0.912101393255597,0.935536959579609,0.969950262531236,0.981303491161305
2023-05-24,0.947536248385274,0.0355813742369063,0.879072055563117,0.889779492662894,0.923300398498236,0.947090908045123,0.971286636839231,1.00681210982864,1.01853122854947
2023-05-25,0.994685055438237,0.0367856480282675,0.923883553134841,0.934961277807633,0.969632540015015,0.994231620733467,1.01924328534011,1.05595554923251,1.06806334525426
2023-05-26,1.01685647632324,0.0373258693680003,0.945005355054018,0.956249631258726,0.991437820437202,1.01639980445991,1.04177731764906,1.07902107969509,1.09130278195803
2023-05-27,1.03208491460204,0.0375822470452806,0.959729701886746,0.971055362011336,1.00649356991375,1.03162877827827,1.05717902826595,1.0946703985422,1.10703226901071
2023-05-28,1.05657851178553,0.0379249687654148,0.983544563640057,0.994980931627476,1.03075719891062,1.05612478516538,1.08190521999807,1.11972380322618,1.13219090893305
2023-05-29,1.05911942513987,0.0377736159090211,0.9863686467392,0.997762633140909,1.03340265657473,1.05867039222236,1.08434670543019,1.12200791755643,1.13442197958071
2023-05-30,1.05575392279582,0.037463453239912,0.983594036758135,0.994897008061428,1.03024948356441,1.05531082536488,1.08077534384697,1.11812229125315,1.13043185494321
2023-05-31,1.0108663837914,0.0364252343287708,0.940725422727694,0.951707627093688,0.98606529059371,1.01042890574287,1.03519058491007,1.07151742618887,1.08349345575156
2023-06-01,0.976348463290454,0.0356949400380276,0.907631778430283,0.918386726540848,0.952041367734957,0.975913499810399,1.00018140830989,1.03579390856441,1.04753696800207
2023-06-02,1.02257779204174,0.036610327001598,0.952072277655783,0.963113482993999,0.997652139401234,1.02214091763835,1.04702721044579,1.08353232756063,1.09556598743768
2023-06-03,1.07448202488257,0.0375416987385198,1.00215178113948,1.0134860783853,1.04892786145664,1.07404482906483,1.09955960301317,1.13696929375827,1.14929677809563
2023-06-04,1.06872877653492,0.0372046788829271,0.997043316857282,1.00827764773148,1.04340483775877,1.06829708338338,1.09358212835002,1.13065245745742,1.14286747524199
2023-06-05,1.11842283641563,0.0377414336300489,1.04566456343239,1.05707614625949,1.09274052218033,1.11799833398082,1.14364240146174,1.18121754982722,1.19359348703587
2023-06-06,1.08698997465054,0.0367855971494027,1.0160777736868,1.02719901016461,1.06195747339644,1.08657504034753,1.11157015698497,1.1481963245178,1.16026017893472
2023-06-07,1.1441239920451,0.0372941410346859,1.07218694875982,1.08347943769548,1.11875348640274,1.14371880130302,1.1690527993377,1.20615069485186,1.21836367000888
2023-06-08,1.21184455350175,0.0378486503413874,1.13878845956488,1.1502683124053,1.18610579864855,1.21145054325992,1.23715379698323,1.27476480457979,1.28713974757468
2023-06-09,1.25308102791623,0.0376423977938381,1.18038006953932,1.19181428746741,1.22749034968588,1.25270412376733,1.2782608414529,1.31563342719415,1.32792387709043
2023-06-10,1.30532258373444,0.0373534729060695,1.23312874989246,1.24449525799314,1.27993760411459,1.30496629525153,1.33031917111325,1.36736524562044,1.37954115471702
2023-06-11,1.35187884902496,0.0367640380340408,1.2807742366876,1.29198109452257,1.32690357791354,1.3515456004149,1.37649084312022,1.41291334786138,1.42487726805902
2023-06-12,1.3485486474388,0.0353153521512092,1.28021190264267,1.29099057229002,1.32456375412141,1.3482403843288,1.37219750020997,1.40715823858894,1.41863721091134
2023-06-13,1.33458751297444,0.0337339528737412,1.26928146984589,1.27958907274622,1.31168203670929,1.33430329619838,1.35718316148757,1.39055544454132,1.4015087235866
2023-06-14,1.27563178046078,0.0317113084235991,1.21422875477676,1.22392332169153,1.25410201018212,1.27536901648181,1.29687510876979,1.32823655287335,1.33852806052925
2023-06-15,1.19625373199253,0.0296647868778369,1.1388116775452,1.14788128108663,1.17611372620772,1.19600853108418,1.21612644148938,1.24546258717618,1.25508923217391
2023-06-16,1.11752470991579,0.027927967206486,1.06345093051406,1.07198749278802,1.09856291958904,1.11729207002517,1.13623289691979,1.16385548450099,1.17292055221681
2023-06-17,1.04482667461269,0.026545790132519,0.993439601972613,1.00154951636807,1.02680138054431,1.04460186794416,1.06260690456184,1.08887067051021,1.09749129460879
2023-06-18,0.992582576517138,0.0256612113566871,0.942918804138469,0.950754154608099,0.97515592733034,0.992361445736329,1.00976816883881,1.03516529735411,1.04350300629176
2023-06-19,0.915933699142852,0.0246278962185412,0.86829414507,0.875804365053725,0.89920431219857,0.915712974549656,0.932422472321399,0.95681594682722,0.96482760143419
2023-06-20,0.961740276314693,0.0254222048486828,0.912553178429069,0.920309982453228,0.944473351061802,0.961516285926988,0.978763027591534,1.00393462362594,1.01220028188074
2023-06-21,0.962979348050125,0.0256437937250901,0.913368326154837,0.921190844053988,0.94556103744756,0.962751729283324,0.980149529408274,1.00554428229929,1.01388389705303
2023-06-22,0.954159528159621,0.0256464543481455,0.904549463811903,0.912370384731473,0.936738292477535,0.953929757897807,0.971330289312202,0.99673244085846,1.00507534605432
2023-06-23,0.91425331553404,0.0252486497250313,0.86543058079596,0.873123160478001,0.89709904151107,0.914020898003826,0.9311542294582,0.956176270122705,0.964396847218057
2023-06-24,0.912117306049626,0.0254530936086547,0.862906274622013,0.870658369902458,0.894822844766928,0.911880556505397,0.92915368497016,0.954383818731413,0.962673752391785
2023-06-25,0.882122939998887,0.0253261684166273,0.833176810346121,0.840882559418948,0.864911158068013,0.88188057640192,0.899070519933105,0.92419004740817,0.932446387657507
2023-06-26,0.882252378488034,0.0256815831053746,0.832629160117898,0.840439186767415,0.864797268006923,0.882003201646607,0.899435859962078,0.924915537808071,0.933291633154803
2023-06-27,0.800105450768388,0.0248441227250311,0.752146600908114,0.759683755073725,0.783211132746297,0.799848320013539,0.816719469953193,0.841404246203509,0.849525535716576
2023-06-28,0.800105450768388,0.0248441227250311,0.752146600908114,0.759683755073725,0.783211132746297,0.799848320013539,0.816719469953193,0.841404246203509,0.849525535716576
2023-06-29,0.782679930388716,0.0251152828966068,0.734222599638345,0.741832191880758,0.765596687524491,0.78241130677613,0.799470346477698,0.824443972281452,0.832663807129399
2023-06-30,0.773138605563585,0.0256834956747507,0.723612798758551,0.731383603144769,0.755663824866705,0.77285422413006,0.79030338241512,0.815863663322963,0.824280506081509
2023-07-01,0.826062751781035,0.027351223008095,0.773318176957079,0.781594697463999,0.807453786256597,0.825760901920003,0.844342671092717,0.871560448065493,0.880522690724943
2023-07-02,0.810405752286348,0.0278103795339947,0.7568078868965,0.765210706009865,0.791478574298357,0.810087655163949,0.828986173605362,0.856685862124115,0.865811310504309
2023-07-03,0.830169773534253,0.0288301492113181,0.77461791751813,0.783324387361412,0.81054650717041,0.829836059435173,0.849429259456202,0.878153494626458,0.887618070367579
2023-07-04,0.887566876430647,0.0305302794866853,0.828729427527964,0.837953122719824,0.866788161000449,0.887216843620988,0.907964022250228,0.938374629807785,0.948393503198989
2023-07-05,0.969067391904299,0.0324802337605227,0.90644460196584,0.916268190563427,0.946966507523448,0.968704536051069,0.990772727758248,1.02310433331192,1.03375223247901
2023-07-06,0.965485768144538,0.0326924133304213,0.90246467279065,0.912348195077032,0.943238557710739,0.965116792831843,0.987330759459697,1.01988195556,1.03060368940977
2023-07-07,0.980359787603032,0.0330824645676661,0.916583116807561,0.926586003508662,0.957847811533621,0.979987687621456,1.00246613828457,1.03540284457429,1.04625104149787
2023-07-08,0.983522263904635,0.0332650299881181,0.919396100806329,0.929453221600396,0.960885610906365,0.983147255557638,1.00575012116247,1.0388704998662,1.04977953772498
2023-07-09,1.00014424272037,0.0336353852036951,0.935297948903919,0.94546947179641,0.977256683708046,0.999767209344435,1.02262079838725,1.05610511480601,1.06713315551577
2023-07-10,0.997263006262343,0.0336337229443219,0.932422995755696,0.942592805486067,0.974376021484535,0.996884921099619,1.0197378412066,1.05322289600055,1.06425161270531
2023-07-11,1.01562775432808,0.0339645721755654,0.950140675665203,0.960414160489485,0.99251730723967,1.01524916559337,1.0383255024542,1.07213275473869,1.08326629116361
2023-07-12,0.997757118513783,0.0336503873893719,0.932884981834427,0.943059830383596,0.974858793959501,0.997378846021829,1.02024308902732,1.05374473460596,1.06477891569073
2023-07-13,1.01232103258774,0.0338350742762803,0.947083032872846,0.957317585891263,0.989298809145625,1.01194409799959,1.0349323602379,1.06861024337749,1.07970109026344
2023-07-14,0.985313763517919,0.0333065776049303,0.921106890531318,0.931176815166704,0.962648949210948,0.984938501340393,1.00756950537174,1.04073077136091,1.05165318973894
2023-07-15,1.02610833260927,0.0340308090748681,0.960484507750697,0.970781580774972,1.00295445141713,1.02573214736174,1.04885213469787,1.08271829234146,1.09386995751297
2023-07-16,1.04203968161229,0.0342775605497954,0.975931152759073,0.986306379578589,1.01871952321535,1.04166385594144,1.06495015270706,1.0990549648708,1.11028396757676
2023-07-17,1.02111230555167,0.0337908637942511,0.955948828046021,0.966174224332987,0.99812210467559,1.02073959161931,1.04369621135462,1.07732175361113,1.08839385630771
2023-07-18,0.998014081433322,0.0333011341517423,0.933803798010736,0.943877544098463,0.975355486770382,0.997643715136543,1.02026894035265,1.05341397769436,1.06432909638441
2023-07-19,0.997632207814471,0.0332883920223005,0.933446493397227,0.943516384932252,0.974982283088863,0.997261983232244,1.01987855127929,1.05301090621942,1.06392184841943
2023-07-20,1.01628161223105,0.0336310054719673,0.951426411076418,0.961603432906163,0.993400173740075,1.01591066153932,1.03875867775568,1.07222514379551,1.08324486642356
2023-07-21,1.01961910041771,0.0336677920868366,0.954690627920448,0.964879698402298,0.996713055574391,1.0192485545423,1.04212121353898,1.07562247376986,1.08665332557412
2023-07-22,0.969360234094668,0.0327673001833799,0.906192955068177,0.916099834341863,0.947062393025366,0.968991047906753,0.99125562613339,1.02387996748772,1.03462553750596
2023-07-23,0.957433232954801,0.0326261441042823,0.894546626800324,0.904407464087514,0.935229899865423,0.957062661597157,0.979232607220438,1.01172306054654,1.02242573469091
2023-07-24,0.985212385832459,0.033284140201833,0.921048151012478,0.931111533956141,0.962562951300061,0.984837590493781,1.0074532567991,1.04059170475457,1.05150652095361
2023-07-25,0.978176125380481,0.0332943533256797,0.914000291055126,0.924063581716064,0.955518278376016,0.977798402732873,1.0004222179334,1.03357712156995,1.04449849495566
2023-07-26,0.935750101387913,0.032654656999537,0.872834212460603,0.882693575987952,0.91352272658197,0.935370281449348,0.95756343607051,0.990102233796076,1.00082444250407
2023-07-27,0.950503549698974,0.0331291850298863,0.886672037724025,0.896675204203126,0.927953416341619,0.950118678664287,0.972634136724946,1.00564473201961,1.01652221846584
2023-07-28,0.92810207121359,0.032996105593949,0.864549052872881,0.874503360282589,0.905638537705561,0.927711072050857,0.950139378637743,0.983034523018616,0.99387707007684
2023-07-29,0.906892963670515,0.0328929324410178,0.843561308911308,0.85347559718353,0.88449559005636,0.906495320044299,0.928856868634664,0.961666736385433,0.972484356813672
2023-07-30,0.874354505268095,0.0326724371967869,0.811481798708967,0.821316118780538,0.85210108135757,0.87394757658676,0.896164339799194,0.928780970911978,0.93953971317192
2023-07-31,0.796795274110926,0.0316656855298968,0.735932064012174,0.745435046230722,0.775214614479536,0.796375834817886,0.817918708632113,0.849586257599559,0.860042075553626
2023-08-01,0.765878566530353,0.0317695335297304,0.704868860987388,0.714382198754785,0.744217644914627,0.765439332285792,0.787060686425072,0.818873213866526,0.829384349785073
2023-08-02,0.750651719445743,0.0324182790327843,0.688449330686385,0.698136122395254,0.728539006085266,0.750185090002817,0.772255769784761,0.804759045486688,0.815505862337277
2023-08-03,0.688202508968835,0.0320819146079001,0.626751399555823,0.636296281564293,0.666300460193667,0.687704052685562,0.709561204903063,0.741809033250982,0.75248622651298
2023-08-04,0.653389014163875,0.0325007519665598,0.591233470855843,0.600864774017648,0.631183787505361,0.652850211174728,0.675006911379104,0.70775118173172,0.718606434631546
2023-08-05,0.599443732829345,0.0325975687403921,0.537248848151713,0.546852027639888,0.577146839902078,0.598852954512875,0.621096647260819,0.654050665125138,0.664995836389027
