Date,Mean(R),Std(R),Quantile.0.025(R),Quantile.0.05(R),Quantile.0.25(R),Median(R),Quantile.0.75(R),Quantile.0.95(R),Quantile.0.975(R)
2021-10-18,1.9418962360861,0.464880150051328,1.14024073047901,1.2455112962311,1.61149233993837,1.90492821655696,2.23205568388106,2.7644196234035,2.95348232041303
2021-10-19,1.86312570423663,0.430446178938203,1.11719836566657,1.21596613783902,1.55763102960552,1.83008331470069,2.13264603706154,2.62302681789965,2.79670086393852
2021-10-20,1.78966921822229,0.399978184448383,1.09348539385404,1.18635014514128,1.50617011884294,1.75996161698508,2.04082197414114,2.49434966569841,2.65457020797018
2021-10-21,1.7235723471478,0.373402574855596,1.07105917998491,1.15867816875274,1.45922994519682,1.69668342391907,1.9586353073681,2.38020924110313,2.52880072305051
2021-10-22,1.66508762241174,0.350317087910826,1.05070352038151,1.1336992297578,1.4173663950885,1.64058542109453,1.88612659067633,2.28007429045344,2.41863645576741
2021-10-23,1.61369647086783,0.33023793378382,1.03261500384791,1.11154184359762,1.38041780979361,1.59122585046026,1.82250380016399,2.19251694726323,2.32240791255136
2021-10-24,1.56860883735945,0.31270236017072,1.01671492472624,1.09205279589276,1.34793269447886,1.54787939987884,1.7667086931073,2.11588933511977,2.23824633893821
2021-10-25,2.20618716148274,0.35712445424505,1.56248674654125,1.65342069770124,1.95597899815399,2.18694764263048,2.43543487134666,2.82459020777228,2.95918759457055
2021-10-26,2.51843863651979,0.352088829316559,1.87609219749158,1.96860695926304,2.27287419039466,2.50204991947499,2.74614558514284,3.12417931712109,3.25389762068045
2021-10-27,2.45249289008807,0.306171335340509,1.88938802366396,1.97153284001535,2.23963342751577,2.43976382606466,2.65148118156938,2.97687639335113,3.08792164245784
2021-10-28,2.26703294482989,0.258078920061738,1.78958220780819,1.85987756676889,2.08803955384452,2.25724727082019,2.43536198199916,2.70757035121886,2.80008570602018
2021-10-29,2.07918847252687,0.218967188894054,1.67226146449928,1.73259783991095,1.92760939717067,2.07150679125383,2.22239573764139,2.45198349514688,2.52976369641127
2021-10-30,1.91991664802637,0.189025255841145,1.56736305623318,1.61993180108053,1.78926726427913,1.91371673473479,2.04380888856474,2.24105100155446,2.30769950329632
2021-10-31,1.79132467460711,0.166203399464307,1.48041435087237,1.52698780397376,1.67659794516677,1.78618705508659,1.90045188628711,2.07318719463895,2.13142847942727
2021-11-01,1.41022561382132,0.135776015319287,1.15669888861073,1.19456888694635,1.31642720822934,1.40587052692864,1.49927746243246,1.64073863501175,1.6884990288691
2021-11-02,1.16694058314311,0.116932940976425,0.949047695664381,0.981491012402121,1.08608745475208,1.1630371719154,1.24353950832974,1.36570572240334,1.40701340882821
2021-11-03,1.02206060784875,0.1069613067833,0.823215140636248,0.852714634705519,0.948028103566503,1.01833177933756,1.09202926899968,1.20412666176217,1.24209375442999
2021-11-04,0.924027820510138,0.101412762934105,0.736004771302634,0.76378164788107,0.853755642406883,0.920320437493254,0.990259632690425,1.09692098896968,1.13311639936096
2021-11-05,0.850576762060993,0.0983903223792317,0.668730451935364,0.695462879053385,0.782309497550451,0.84678602368165,0.914712949827938,1.01862208055552,1.05396186380605
2021-11-06,0.790173502870091,0.0969344843010058,0.611686250208889,0.637771310248598,0.722813370748499,0.786213246677678,0.853217992258508,0.956085527905927,0.991162259259805
2021-11-07,0.735829014121884,0.0964833820127383,0.558976945706276,0.584638662115888,0.668660277677109,0.731616305848896,0.798407235657867,0.90139056134312,0.936616319266392
2021-11-08,0.702077423984047,0.0980167755399335,0.523237934458974,0.54899984749088,0.63371839456746,0.697521367762522,0.765472070399045,0.870697674748781,0.906802178703125
2021-11-09,0.666730958774457,0.100004541673787,0.485294838305037,0.511196075875389,0.596834905204421,0.661737707591091,0.731186642650639,0.839300241768805,0.876535174488182
2021-11-10,0.625177115094211,0.101966215149108,0.441512295492428,0.467429851166933,0.553720087874362,0.619642385077358,0.690604399878449,0.801806426660675,0.840284663910533
2021-11-11,0.574458277008436,0.103620109139244,0.389603739498385,0.415285430642599,0.501594944883023,0.568240141470428,0.64054830457483,0.754845298449933,0.794635249076444
2021-11-12,0.510103818930296,0.10439115051679,0.326418794647461,0.351368271267915,0.436362357610179,0.50300065579487,0.576109674441229,0.69307412395027,0.734133814315946
2021-11-13,0.424769216812285,0.102959885380762,0.247534848181406,0.270739037316725,0.351555733943729,0.416479982697355,0.488959118956442,0.607083271349266,0.649074824240382
2021-11-14,0.305230784117893,0.0957440294266924,0.14739982794679,0.166560022403249,0.236401831692181,0.29528035097263,0.363238376784564,0.477860452266164,0.519536122928367
2021-11-15,0.507503221685108,0.138386630882491,0.273557678676054,0.30324953398765,0.408615911287734,0.494981677027728,0.592764910632058,0.754485341739135,0.812538814165657
2021-11-16,0.789232423922578,0.192928342344916,0.457531015398909,0.500868883844021,0.651996226920304,0.773568828759511,0.909417799126683,1.13104233017025,1.20987993031056
2021-11-17,1.09162355342779,0.24397000437592,0.666980467175961,0.723624090900492,0.918700931131438,1.07350315615204,1.24481625578742,1.52144922527406,1.61917707123912
2021-11-18,1.35347462635949,0.280359390079475,0.860863253310512,0.927615304723445,1.15533973718745,1.33416669386157,1.53058298946313,1.84520960419631,1.95575087800459
2021-11-19,1.53285096402925,0.297252669483774,1.00660172016387,1.07880482285172,1.32328999770769,1.51367981747188,1.72153169101143,2.05230428277576,2.16799570543877
2021-11-20,1.62630601202996,0.297529319620428,1.09629028201424,1.16975190585236,1.41698651560389,1.60819831569074,1.8159015595841,2.14463775056974,2.25918218457876
2021-11-21,1.65517082263542,0.28741814315954,1.14049142981982,1.21243450251838,1.45332930410647,1.63856428978613,1.83892210382959,2.15456231830959,2.26418738058668
2021-11-22,1.76726401161499,0.282398240353273,1.25766881394583,1.32979126253403,1.56949325441845,1.75224513352268,1.94867222121476,2.25597423852557,2.36218243538805
2021-11-23,1.80509293261601,0.268600550790682,1.3174588819141,1.38714448418342,1.61740631953971,1.79178783274533,1.97828292306891,2.26843144233096,2.36831742613139
2021-11-24,1.77837586358215,0.248624789507966,1.32478791958352,1.3901164993526,1.60497243909119,1.766803098455,1.93916935504508,2.206114935859,2.29771450742274
2021-11-25,1.72400341031997,0.228023499309604,1.30629839971433,1.36684951440513,1.56522184569728,1.71396080252352,1.87184179844418,2.11541662175917,2.19876702860105
2021-11-26,1.66210536572704,0.209134780491037,1.27767153738373,1.33370545086412,1.5166776972095,1.65334216579633,1.79798361798153,2.02039977147464,2.09632971047237
2021-11-27,1.60196045482751,0.192625618723748,1.24681375714653,1.29882300752098,1.46817500420883,1.59424643385752,1.72733952336529,1.93141307129727,2.00093724179744
2021-11-28,1.54717474921763,0.178458216946777,1.21728789663444,1.26579647790829,1.42336207711478,1.54031878925061,1.66351590908501,1.85194090966288,1.91601687178035
2021-11-29,1.47495397138841,0.165031214950458,1.16932666390176,1.21439739464544,1.36054419722942,1.46880349601493,1.58266093362168,1.75649171655421,1.81552836609047
2021-11-30,1.41792037743782,0.154165649353255,1.13193644259687,1.17422101164759,1.31111838787081,1.41233700658042,1.51863748685242,1.68066627436076,1.73562938615476
2021-12-01,1.37523935897824,0.145525023000831,1.10486870771285,1.14494079938557,1.27448890855122,1.37010972529325,1.47039933907996,1.62303656125864,1.67475715218846
2021-12-02,1.34203876978448,0.138405706359928,1.08453036713872,1.12278050630506,1.24627503935541,1.33728381056113,1.43262029527821,1.57751750734975,1.62656556632945
2021-12-03,1.3153686078115,0.132377014101463,1.06875350264814,1.10546040939529,1.22382769937594,1.31093053183376,1.40207260902267,1.5404162645211,1.58720169178347
2021-12-04,1.29336124157633,0.127161820439575,1.05617305447632,1.09154375718702,1.20547298747633,1.28919616829924,1.3767100750148,1.5093868653893,1.55421629416473
2021-12-05,1.27479047478117,0.122574156972651,1.04589956117377,1.0800931756093,1.19011479325133,1.27086403483198,1.35518677400691,1.48288184427315,1.52599240634854
2021-12-06,1.21899674630211,0.116595100810866,1.00121344713628,1.03376103917272,1.13846073631293,1.21528138970356,1.29548342204409,1.41690645920909,1.45789166079554
2021-12-07,1.17592190478708,0.111891636666146,0.966869725774675,0.998125044973445,1.09864349309938,1.1723749008404,1.24933445960707,1.36581847165538,1.40512910018767
2021-12-08,1.14689214314119,0.108569131738662,0.94399568955904,0.974342694572327,1.07191681176971,1.14346811398337,1.21813563886786,1.33112179575224,1.36924486073807
2021-12-09,1.12688724612513,0.106133300189966,0.928493013573538,0.95817820331201,1.05360211596829,1.12355702914504,1.19654277832937,1.30695647126011,1.34420469828976
2021-12-10,1.11285596238497,0.1042845322484,0.917869319411294,0.947055844484342,1.0408552259648,1.10960019924359,1.18130824047246,1.28976227727813,1.32634277850282
2021-12-11,1.10286143039077,0.102833234560388,0.91054145140372,0.939339700227302,1.03187030712765,1.0996669496844,1.1703708798788,1.27728030338076,1.31333337843508
2021-12-12,1.09563528355814,0.101655669283037,0.905471922591224,0.93395783540109,1.02546450183225,1.09249294018513,1.16238120918949,1.26803201678979,1.30365437351741
2021-12-13,1.07970559158284,0.100177674257208,0.892307059214133,0.920378808822516,1.01055503890154,1.07660893545882,1.14548108293568,1.2495958092804,1.28470024441621
2021-12-14,1.06707156779273,0.0990054592296385,0.881865853109356,0.909609125070548,0.99873017062056,1.06401114675672,1.13207739644396,1.23497383889741,1.26966750440111
2021-12-15,1.05819921205911,0.0981822607860017,0.874533423125952,0.902046018733763,0.990426051550105,1.05516423743639,1.122664538223,1.22470542996297,1.25911062883392
2021-12-16,1.05193208825761,0.0976007820091851,0.86935404936644,0.896703703213561,0.98456031038289,1.04891508809706,1.11601562224536,1.21745218268923,1.2516536187542
2021-12-17,1.04748695651876,0.0971883520256443,0.865680434576781,0.892914517451479,0.980399870433056,1.04448270524506,1.11129969379439,1.21230761547028,1.24636452710191
2021-12-18,1.04432491371235,0.0968949701105026,0.863067210064755,0.890219081571276,0.977440343024705,1.04132973135456,1.1079450198477,1.20864802949568,1.2426021337255
2021-12-19,1.04207092585048,0.0966858397109141,0.861204434419055,0.888297703484899,0.975330713502372,1.03908220805616,1.10555371940704,1.20603937968566,1.23992020007652
2021-12-20,1.04046184722239,0.0965365455367282,0.859874634675616,0.886926068585007,0.973824689519276,1.03747774435571,1.10384661596718,1.204177114707,1.23800561917326
2021-12-21,1.03931194456212,0.0964298548100841,0.858924314264974,0.885945851339705,0.97274843323549,1.0363311396807,1.1026266614214,1.20284627641502,1.23663739413097
2021-12-22,1.0384895651512,0.0963535524760166,0.858244670703394,0.885244826367223,0.97197872372942,1.03551111889999,1.10175418278875,1.20189449671364,1.23565887643276
2021-12-23,1.03790110446069,0.0962989536818396,0.85775834588272,0.884743201893303,0.971427951444251,1.03492434594772,1.10112987316742,1.20121344252766,1.2349586896422
2021-12-24,1.03747986391269,0.0962598699735302,0.857410217728585,0.884384121717357,0.971033689562411,1.03450431354121,1.10068297071284,1.20072592034792,1.23445747168132
2021-12-25,1.03717824208639,0.0962318847771031,0.857160946735715,0.884127008723437,0.970751385331715,1.0342035567832,1.1003629741333,1.20037683873431,1.23409858344642
2021-12-26,1.03696222843457,0.0962118425124186,0.856982425379603,0.883942871131571,0.970549206435887,1.03398816267063,1.10013380096447,1.2001268356259,1.2338415570927
2021-12-27,1.01640651228811,0.095246358280755,0.838319050454408,0.864976025982247,0.950645964777395,1.01343292094186,1.07892614068636,1.1779806392191,1.2113907667866
2021-12-28,0.998947372171851,0.0945641222654748,0.822223797648307,0.848656153203801,0.933643576432068,0.99596502989154,1.06100072502295,1.15941209281061,1.19261742586174
2021-12-29,0.986294126554827,0.0943374651849351,0.81008496973747,0.836419329493908,0.921132185910231,0.983288019768798,1.04817973804055,1.14642350181399,1.17958475816927
2021-12-30,0.976967346711154,0.0944379925939039,0.800664278090421,0.826990923944375,0.911720840321953,0.973926105789856,1.03889924692949,1.1373182094646,1.17055148836429
2021-12-31,0.969969949811801,0.0947791906855841,0.793127206396524,0.819511901594234,0.904472061131916,0.966884632722006,1.03210521059403,1.13095280407452,1.16434417227917
2022-01-01,0.96461538790624,0.0953016384297164,0.786898962634053,0.813390593386657,0.898740224655204,0.961478686945089,1.02707193825169,1.12654028382265,1.16015521881166
2022-01-02,0.960423221106845,0.095964016086976,0.781576934203665,0.808212608081488,0.89407333185004,0.957228926494275,1.02329174597058,1.12353041501241,1.15742012158643
2022-01-03,0.966831082849338,0.0972303286011097,0.785686457474757,0.812650151652814,0.899595799281004,0.963573688591968,1.03051624258704,1.13212385192567,1.16648483584596
2022-01-04,0.972773768735649,0.0984702646808729,0.789382777643345,0.816666108084126,0.90467089025441,0.969453201133427,1.03725768434449,1.14020877616776,1.17503281826101
2022-01-05,0.977091303905327,0.0995653441957779,0.79172653697101,0.819288308205065,0.908220579445867,0.97371149871666,1.04227851662122,1.1464237298603,1.18166069434635
2022-01-06,0.980206822223199,0.100556297705457,0.793064867690074,0.820875225461651,0.91063985552113,0.976770391437666,1.04602857575185,1.15126102301539,1.18687512149855
2022-01-07,0.982437370207657,0.101473979221769,0.793657293041364,0.821694955765923,0.912224437071258,0.978945906483871,1.04884512526407,1.15509012997771,1.1910564614983
2022-01-08,0.984018339899483,0.102341583358151,0.793696007752358,0.821946121116347,0.913193675817062,0.980472654120548,1.05097874551569,1.15818587969331,1.19448774581757
2022-01-09,0.985123349536329,0.103176472733349,0.793322338547072,0.821774842837124,0.91370917614556,0.981523652460929,1.05261441457652,1.16075143452234,1.19737829412448
2022-01-10,1.0391585448945,0.106764601914086,0.840478699667414,0.86999991170975,0.965293967747154,1.03550445939295,1.10904069966978,1.2207822638473,1.2586014750811
2022-01-11,1.08575613422062,0.10950703205702,0.881770746627529,0.912127082222027,1.01002644365593,1.08207681368948,1.15747586337682,1.27193633062519,1.31064809832372
2022-01-12,1.11821285433871,0.110786089247138,0.911651372130342,0.942435895595611,1.04162959346319,1.11455630757308,1.19081094038563,1.30646324703225,1.34555160271914
2022-01-13,1.13967705428465,0.110984061448932,0.932562620134747,0.963472152685339,1.06298645282645,1.13607646825056,1.21244344008495,1.3281644720229,1.36725086061084
2022-01-14,1.15300076000122,0.110427106283954,0.946751937673985,0.977572572776853,1.07672300117585,1.14947734650296,1.22543838384924,1.34044818882496,1.37927052129805
2022-01-15,1.16050884181089,0.10936919150978,0.956072166829317,0.986659989696519,1.08498829284497,1.15707491594456,1.23228676168091,1.34607165323516,1.3844580363619
2022-01-16,1.16397763083304,0.107996636169428,0.96195246635432,0.992215242482582,1.08942981232746,1.16063927777936,1.23488696129183,1.34712794017563,1.38497230956637
2022-01-17,1.12996772247843,0.104841115305938,0.933845469831722,0.963224007109155,1.05759809400696,1.12672691174721,1.19880517477865,1.30776661864016,1.34450522491258
2022-01-18,1.10177654404756,0.102225470159899,0.910547278438129,0.939192860632023,1.03121244069741,1.09861658719541,1.16889659428229,1.27513959632915,1.31096162367271
2022-01-19,1.08242655151176,0.100430131445122,0.894555757166004,0.922698250231135,1.0131017329154,1.07932209152224,1.14836780330677,1.25274490858202,1.28793781020542
2022-01-20,1.06897446097111,0.0991820142224593,0.883438471635406,0.911231217769234,1.00051119158118,1.06590858233087,1.13409621356937,1.23717614974933,1.27193168396119
2022-01-21,1.05953942330711,0.0983066087998355,0.875641021314529,0.903188461675271,0.991680427965698,1.05650060488346,1.12408639492514,1.22625652164214,1.26070529476073
2022-01-22,1.05288070491578,0.0976887969378075,0.870138019873924,0.897512337230718,0.985448172177222,1.0498609840695,1.11702202847809,1.21855006289833,1.25278234130792
2022-01-23,1.04816076360152,0.097250869462782,0.866237292688087,0.893488894175135,0.981030523036913,1.04515457981136,1.11201454909649,1.21308744518816,1.24716626428903
2022-01-24,1.10904956287931,0.0998754236559209,0.921950363287396,0.950039077153567,1.04015092448958,1.1060529152747,1.17468210110264,1.27828230411902,1.31317671284231
2022-01-25,1.15949083251989,0.101518917008936,0.969065110919406,0.997710809579108,1.0894989304981,1.1565293614596,1.22625493993389,1.33137309241035,1.36674471468557
2022-01-26,1.19149228688615,0.101576887520134,1.00072969312911,1.02947913227253,1.12149787878331,1.18860699516556,1.25834190081872,1.36334779345114,1.39865024532365
2022-01-27,1.20981508494378,0.100561715138636,1.02075022169472,1.0492923920821,1.14055463687622,1.20702994646436,1.27603987403279,1.37983846778962,1.41470627483731
2022-01-28,1.21857078161275,0.0988789777252323,1.03247911176934,1.06061679949151,1.15050083059236,1.21589736878663,1.28372682648354,1.38564431877212,1.41985396873834
2022-01-29,1.22093550604575,0.0968202705151556,1.03854463711752,1.06616322984881,1.15431166440941,1.21837717723112,1.28477085866496,1.38443474891674,1.41786398848604
2022-01-30,1.21920269476493,0.0945819807634437,1.04086978877982,1.06791086620863,1.15414549119134,1.2167577762504,1.2815950055203,1.37883461328781,1.41142881192145
2022-01-31,1.14885877957252,0.089744308348922,0.97969429192008,1.00533417161466,1.08712126390179,1.14652280288113,1.20805015102884,1.30035185933554,1.33129740404151
2022-02-01,1.09322639792062,0.0860003861508026,0.931165114000662,0.955717645543116,1.03405674841476,1.09097210792735,1.14993894427607,1.23842497629724,1.26809762172585
2022-02-02,1.05593719991091,0.0836607698334468,0.898330521398992,0.922197509878971,0.998369621111303,1.05372857270575,1.11109745158551,1.19721095467175,1.2260943266362
2022-02-03,1.03026192195988,0.0822185091997393,0.875418258081267,0.898856124824577,0.973679125348164,1.02807564097425,1.08446175321041,1.16912555997929,1.19752903800672
2022-02-04,1.01223345710144,0.0813742198263546,0.859026371882576,0.882205686577634,0.95622397132816,1.01005371563952,1.06586711064801,1.14969676451694,1.1778268191099
2022-02-05,0.999378931831282,0.0809408813130965,0.847035023936379,0.870072729524559,0.94365985777958,0.997194617381249,1.05271719474576,1.13613627415761,1.16413508702233
2022-02-06,0.990092806639487,0.0807967800638591,0.838068430456341,0.861046569834491,0.934464920961323,0.987895862019185,1.04332612049004,1.12663327142015,1.15460118453252
2022-02-07,0.951003768616178,0.0795212560863267,0.801535299753382,0.824090848982924,0.896228281364165,0.948788213660924,1.00336441863802,1.08547441292628,1.11306193805378
2022-02-08,0.917475398067663,0.0787083072264364,0.769701407742837,0.791962557839205,0.863232460866157,0.91522564161731,0.969266241589981,1.05066264610797,1.07803337629419
2022-02-09,0.891303909413176,0.0785557553832971,0.743996236638439,0.76614535044074,0.837136595032334,0.888997117481906,0.942956989353531,1.02433145327406,1.05171959973292
2022-02-10,0.869861056784275,0.0788855901218079,0.722131380703559,0.744298338672004,0.815434224720984,0.867477574830848,0.921690096006791,1.00355438590023,1.03113445195877
2022-02-11,0.851392433228671,0.0795836444979434,0.702572206236238,0.724852549922065,0.796448779345598,0.848914035733763,0.903634877285011,0.986386729018825,1.01429562829037
2022-02-12,0.834663596184081,0.080574797238168,0.684231103064934,0.706696949961403,0.778996703094364,0.832072252624451,0.887506218310801,0.971469967858212,0.999820740408161
2022-02-13,0.818755810917902,0.081808825613026,0.666290279634398,0.688997053362806,0.762192874715503,0.816032691340669,0.872350902045229,0.957803847114683,0.986694646064552
2022-02-14,0.936116159077994,0.0898911645924333,0.768245236531734,0.79332576411798,0.874020072840885,0.93324045069808,0.995078041602369,1.0887163145066,1.12032758397219
2022-02-15,1.04708202764944,0.0969127084144271,0.865769610243973,0.892934673819398,0.980188706289687,1.04409363066134,1.11071827660984,1.2114235163746,1.24537541403925
2022-02-16,1.12928706106705,0.100998260966771,0.94002333316398,0.968451190835253,1.05962380583969,1.12627755183274,1.19567018935552,1.30038905487484,1.33565184759718
2022-02-17,1.18496005833288,0.102631024386494,0.992353842023494,1.02134950731156,1.11421690551228,1.18199837426169,1.25247517180393,1.35867356432245,1.39439568077254
2022-02-18,1.21924781853658,0.102464371260543,1.02669739193343,1.05574445374478,1.14866182147044,1.21637868839365,1.28670662135904,1.39253839423236,1.42810181591639
2022-02-19,1.23782150014853,0.10110897966398,1.04758605923417,1.07633793229059,1.16820757202863,1.23506962951937,1.30443601269892,1.40869226285056,1.44369427291951
2022-02-20,1.24559414295551,0.099042990782458,1.05903677589119,1.08728146407021,1.17743736460652,1.24297000564578,1.31089070563647,1.41285827591798,1.4470630715356
2022-02-21,1.28269321238124,0.0980023193997898,1.09779949644154,1.12586148184029,1.2153020547769,1.28019816913962,1.34736483097808,1.44803601005168,1.48176500499872
2022-02-22,1.30502476675732,0.0960905380781526,1.12347899805566,1.15109328488351,1.23899167237136,1.30266710545966,1.36848803994005,1.46699866246217,1.49996801035029
2022-02-23,1.31166702642013,0.0933123446312201,1.13514447822334,1.16204742227863,1.24758114427538,1.30945493618021,1.37334173739935,1.4688324607777,1.50075989551943
2022-02-24,1.30863373729832,0.0901467537573797,1.13790251787261,1.16396892004445,1.24675533108767,1.3065643658001,1.36825651845438,1.46035753439327,1.49112431785227
2022-02-25,1.3000553331201,0.0868873523327706,1.13532427189544,1.16051504489229,1.24044363684043,1.29812018204054,1.35755769135066,1.44619674286208,1.47578307658406
2022-02-26,1.28859645424345,0.083699730792765,1.12975644282542,1.15408202466862,1.23119772847459,1.28678469213108,1.34402032585284,1.4292910971445,1.45773201056225
2022-02-27,1.27590128258198,0.0806687459339221,1.12267820242552,1.14617521001612,1.22060423962634,1.27420159444524,1.32934562436464,1.41142525936561,1.43878306163492
2022-02-28,1.22799973537984,0.0767469244132919,1.0821717695037,1.10454737959559,1.1754003058088,1.22640127544691,1.27885680119833,1.35690468743126,1.38291116825114
2022-03-01,1.19024875480105,0.0735510031452078,1.05044337973362,1.07190661198013,1.13984828370388,1.18873407865086,1.23899818528041,1.31375769199005,1.33866149360264
2022-03-02,1.16434952402789,0.0711591978753733,1.0290436883388,1.04982710477643,1.11559607578944,1.16290021433569,1.211523179848,1.2838157604172,1.30789127793218
2022-03-03,1.14610223499258,0.06929019633647,1.01430613473795,1.03456077508762,1.09863689258775,1.14470617279687,1.19204582351982,1.26240587470105,1.28583167467334
2022-03-04,1.13293014928709,0.0677722446984434,1.00397958282156,1.02380670174419,1.08651183677603,1.13157905043223,1.17787571677759,1.24666239802917,1.26955855149351
2022-03-05,1.12319150755215,0.0664964201222292,0.996628775472053,1.01609805025134,1.07765387922912,1.12187951570776,1.16729901637922,1.23476036445765,1.25720985046204
2022-03-06,1.11581157012896,0.0653916912452752,0.991313637478764,1.01047415323573,1.07103701375911,1.11453441246327,1.1591939752207,1.22550556046093,1.24756716910817
2022-03-07,1.03479170546794,0.0621883546228178,0.916482299052485,0.934669353782775,0.992195015024408,1.03354618503695,1.07603073613389,1.13916271521768,1.1601789783312
2022-03-08,0.969106855479585,0.0598041132625988,0.855426632643679,0.872880213365764,0.928127211305738,0.967876951985712,1.00874586910143,1.06952888820689,1.08977618164454
2022-03-09,0.921887631925517,0.0585038267731258,0.810778202685538,0.827813884557361,0.881781969784027,0.92065035904231,0.960644637657057,1.02018191282907,1.0400280225772
2022-03-10,0.885981671850038,0.057915908267418,0.776095836887713,0.792918875371597,0.846260728042469,0.884720019817095,0.924327393403371,0.983348168489667,1.0030369835091
2022-03-11,0.857149141426757,0.0578238598076276,0.747555147689096,0.76430610942822,0.817471349920665,0.855849213801316,0.895409998944884,0.954426444245234,0.97413009110369
2022-03-12,0.832687605501483,0.0580938429029765,0.722711821443474,0.739490790753882,0.792802500145766,0.831336991184222,0.871100538899709,0.930491599426606,0.950338346382802
2022-03-13,0.8107573415438,0.0586392854917044,0.699894677815604,0.716774954344836,0.770473133241792,0.809344054789498,0.84950107808822,0.90956070354657,0.929651065369002
2022-03-14,1.01334113418843,0.0672759608782176,0.885762705304483,0.905278836612815,0.967189351831304,1.01185270129586,1.0578705044479,1.12648072184363,1.14937773256059
2022-03-15,1.20015072687485,0.0740619567350957,1.05936810698482,1.08098277978559,1.14940116353802,1.19862760322361,1.24924004116653,1.32451428378342,1.34958871577103
2022-03-16,1.32418844197906,0.0766688076901741,1.17816792836065,1.20065308590727,1.27170134587526,1.32270906116076,1.37506295260647,1.45277018237892,1.47861579825412
2022-03-17,1.39152819733532,0.0761387092166628,1.24628323051958,1.26870392855239,1.33944465128605,1.3901397781255,1.44209829694631,1.51908855828869,1.54466313724502
2022-03-18,1.41801404911043,0.0737454842107487,1.2771416693356,1.29893270980499,1.36760128076351,1.41673584740183,1.46703350408616,1.54145550672712,1.56615009533718
2022-03-19,1.41914640392624,0.0704788964254411,1.28435480450726,1.30524267776156,1.37099461818002,1.41797984629904,1.46602656760908,1.53702941047323,1.56056724739361
2022-03-20,1.40629415235501,0.0669539956302301,1.27811156125723,1.29800643280292,1.36057392448804,1.40523173003799,1.45085626680923,1.51820592939471,1.54051422884217
2022-03-21,1.56696882864691,0.0675017933900502,1.43744307723737,1.45761581666168,1.52092668524344,1.56599965584654,1.61195449676393,1.67962780512128,1.70200217997916
2022-03-22,1.65378531554731,0.0655463629968519,1.5277948109842,1.54746814703965,1.60911565199546,1.65291943823852,1.69751109774597,1.76305609088588,1.78469643178075
2022-03-23,1.66121380453535,0.0613037380435923,1.5432175634575,1.56168055838355,1.61946431543401,1.66045976857068,1.70214132498821,1.76331915107302,1.78349509609855
2022-03-24,1.62935974740747,0.0564871929413992,1.52051322100101,1.53757316268961,1.59091227356847,1.62870702157203,1.66709568728152,1.72337285056531,1.74191560460051
2022-03-25,1.58251470652191,0.0519001049419101,1.48241400514314,1.49812520339737,1.54720623745723,1.58194737126979,1.61720472372848,1.66883945030011,1.68583948356278
2022-03-26,1.53287074600856,0.0478217432504258,1.44056283045103,1.45506824318827,1.50035013645756,1.53237346833832,1.56484927212482,1.61236951474768,1.62800461483185
2022-03-27,1.48578371994422,0.0442942979866532,1.40022589983366,1.41368449730605,1.45567259556183,1.48534357480019,1.51541504022116,1.55938432284607,1.57384282054956
2022-03-28,1.31373170791096,0.0393756058448936,1.23768075786428,1.24964245620647,1.28696319499341,1.3133383359204,1.34007140443489,1.37916279191844,1.39201813318952
2022-03-29,1.19285268427333,0.0359468595421943,1.12342969831746,1.13434758904922,1.16841409775909,1.1924916150577,1.2168976678702,1.25258942377664,1.26432757328272
2022-03-30,1.11818067772789,0.0338817232449215,1.05275139155609,1.06303993766311,1.09514510334658,1.11783848237637,1.1408432237506,1.17448868143826,1.18555460932339
2022-03-31,1.0695373689637,0.0325878115404662,1.00661201813815,1.01650558602176,1.04738054643815,1.06920641371493,1.09133341609341,1.12369807446112,1.13434348913297
2022-04-01,1.03672407488782,0.0317654559702529,0.975391854844913,0.985033708006519,1.01512543443769,1.03639965940092,1.05796906904521,1.08952105658113,1.09989989953878
2022-04-02,1.01404451149474,0.0312470604507071,0.953718409036791,0.963200861484605,0.992797402497909,1.01372357757848,1.03494176955777,1.06598290037974,1.07619443306957
2022-04-03,0.998084728377575,0.0309319993331671,0.938372132954388,0.947756909731418,0.977050898583189,0.997765205034686,1.01877024499805,1.04950247434844,1.05961312659024
2022-04-04,0.976556610000646,0.0305983021118693,0.917498206290528,0.926777799754502,0.955747876916999,0.976237051259297,0.997016991497526,1.02742546843972,1.03743101717542
2022-04-05,0.959577992227008,0.0304050806968547,0.900902810057312,0.910119758242557,0.938898794803823,0.959256874014183,0.979907138264554,1.0101315940507,1.02007803958572
2022-04-06,0.946982025600705,0.0303518480085603,0.888420190120604,0.897616822313742,0.926337105947197,0.946657774963448,0.967273479402921,0.997453281888178,1.00738652681126
2022-04-07,0.937412100996232,0.0303996272385691,0.878769092545057,0.887975868255328,0.916732685248212,0.937083508509053,0.957733318045546,0.987969197385879,0.997922448656836
2022-04-08,0.929949657271275,0.0305220592673036,0.871081929464732,0.880321276153387,0.909184879950959,0.929615755107158,0.950350448033415,0.980717014057391,0.990714897728902
2022-04-09,0.92395941698466,0.0307009910020006,0.864758542229631,0.874047350229601,0.903070743310748,0.923619398747819,0.944477437208024,0.975031322141762,0.985092560398672
2022-04-10,0.918994704825805,0.0309237754315599,0.859376738836326,0.868728034392707,0.897952187740508,0.918647870874136,0.939659138910401,0.97044446296303,0.980583671375928
2022-04-11,0.843825483813257,0.029948555252029,0.786140532843499,0.795176137739132,0.823437017715457,0.843471204799606,0.863827752224734,0.893683314292858,0.903523741168161
2022-04-12,0.774316119647147,0.029170877725708,0.718190141361588,0.726967143331322,0.754446095188373,0.773949831477573,0.793786856807513,0.822914545945783,0.832523646070612
2022-04-13,0.713368505572045,0.0287586379624997,0.658108619510994,0.666732987072663,0.693766215511754,0.712982085579746,0.732549564872199,0.761322147365716,0.770824339484794
2022-04-14,0.654864904993014,0.0285529128468213,0.600090544068236,0.608617886837204,0.635386759632436,0.654449971104975,0.673890739962471,0.702527312666101,0.711997244326475
2022-04-15,0.593824918944825,0.028415125039507,0.539431105040317,0.547871870833593,0.574420194892885,0.59337174963668,0.612735657544377,0.641323785318641,0.650793982104462
2022-04-16,0.525182914122611,0.0281750741957175,0.471406082664412,0.479714147578495,0.505914497782233,0.524679153591711,0.543902204765446,0.572370077284142,0.581822470925573
2022-04-17,0.44256988037938,0.0275444833926889,0.390225271637937,0.398258567516437,0.423693126681146,0.441998577631796,0.460823898441832,0.488829995736986,0.498160996385805
2022-04-18,0.537943006555323,0.0327369316157945,0.475687076836828,0.485251713546411,0.515515298378944,0.537279075518391,0.559647008812564,0.592899069556434,0.603971824802597
2022-04-19,0.650295484054268,0.0387329426901907,0.576588461039824,0.58792373709254,0.623768331044797,0.649526641232704,0.675984570878787,0.715289868980948,0.728371581307913
2022-04-20,0.757541649976885,0.044200674107303,0.673377887860959,0.686333458266703,0.727278763271583,0.756682157101,0.786867655521231,0.831681698379706,0.846589628857819
2022-04-21,0.852767032608422,0.0487819917140812,0.759825966238615,0.774145294290397,0.819376787090741,0.851837032341161,0.885143537958532,0.934561136533457,0.950992995023653
2022-04-22,0.93188465268109,0.0523028304023356,0.832181079617373,0.847555086871386,0.896093923638889,0.93090632172142,0.966608955946284,1.01955144497307,1.03714777837067
2022-04-23,0.99388940281494,0.0547694219678723,0.889429899120303,0.905549917328184,0.956420167036812,0.99288353999768,1.03026219888331,1.08566002785887,1.10406492239202
2022-04-24,1.04009244265421,0.0563106848908796,0.932640837454223,0.949234923099647,1.00157793500776,1.03907639775391,1.07749940885812,1.13441583238545,1.15331793317291
2022-04-25,0.993561157812459,0.0549543476872864,0.888759794107373,0.90493002301683,0.955963522863074,0.992548157855837,1.03005457380989,1.08564777835607,1.10411909397097
2022-04-26,0.949691579520202,0.0537147762695008,0.847318984879268,0.863099260579534,0.912930745265595,0.948679064987558,0.985348727607346,1.03973773086473,1.0578179779038
2022-04-27,0.917265511239526,0.053108493362884,0.816117081884962,0.83169255353119,0.880907692733596,0.916240743948412,0.952506291569835,1.00633410004829,1.02423736162912
2022-04-28,0.89218978666649,0.0529398216357147,0.791436198658351,0.806933620458292,0.855934713078279,0.891142909550974,0.927303726018749,0.981017006943857,0.998892425976742
2022-04-29,0.871890789067629,0.0530876724395041,0.770935443742411,0.786445244500864,0.83552072946831,0.870813558984638,0.907086633768674,0.961010929760495,0.978967656952847
2022-04-30,0.85466358743045,0.0534740546205326,0.753060361226654,0.768649351209949,0.818013878862214,0.853548602825962,0.890097933437568,0.944481210300027,0.962602865307718
